     Index,            Real component,       Imaginary component,                 Magnitude
         0,    -2.670702074126600e+07,     0.000000000000000e+00,     2.670702074126600e+07
         1,    -2.639781550305522e+07,     0.000000000000000e+00,     2.639781550305522e+07
         2,    -2.609153196328801e+07,     0.000000000000000e+00,     2.609153196328801e+07
         3,    -2.578814925119778e+07,     0.000000000000000e+00,     2.578814925119778e+07
         4,    -2.519000405980488e+07,     0.000000000000000e+00,     2.519000405980488e+07
         5,    -2.548764680117619e+07,     0.000000000000000e+00,     2.548764680117619e+07
         6,    -2.489520056811098e+07,     0.000000000000000e+00,     2.489520056811098e+07
         7,    -2.431402993572405e+07,     0.000000000000000e+00,     2.431402993572405e+07
         8,    -2.460321595433621e+07,     0.000000000000000e+00,     2.460321595433621e+07
         9,    -2.402762231848571e+07,     0.000000000000000e+00,     2.402762231848571e+07
        10,    -2.374397299780038e+07,     0.000000000000000e+00,     2.374397299780038e+07
        11,    -2.346306195777587e+07,     0.000000000000000e+00,     2.346306195777587e+07
        12,    -2.318486927142734e+07,     0.000000000000000e+00,     2.318486927142734e+07
        13,    -2.263655969618940e+07,     0.000000000000000e+00,     2.263655969618940e+07
        14,    -2.290937510065009e+07,     0.000000000000000e+00,     2.290937510065009e+07
        15,    -2.236640345652084e+07,     0.000000000000000e+00,     2.236640345652084e+07
        16,    -2.209888669213945e+07,     0.000000000000000e+00,     2.209888669213945e+07
        17,    -2.183398997909285e+07,     0.000000000000000e+00,     2.183398997909285e+07
        18,    -2.157169392320105e+07,     0.000000000000000e+00,     2.157169392320105e+07
        19,    -2.131197921896063e+07,     0.000000000000000e+00,     2.131197921896063e+07
        20,    -2.105482664950604e+07,     0.000000000000000e+00,     2.105482664950604e+07
        21,    -2.054813385097150e+07,     0.000000000000000e+00,     2.054813385097150e+07
        22,    -2.080021708658326e+07,     0.000000000000000e+00,     2.080021708658326e+07
        23,    -2.029855326909577e+07,     0.000000000000000e+00,     2.029855326909577e+07
        24,    -1.980685528826826e+07,     0.000000000000000e+00,     1.980685528826826e+07
        25,    -2.005145884004795e+07,     0.000000000000000e+00,     2.005145884004795e+07
        26,    -1.956467691773092e+07,     0.000000000000000e+00,     1.956467691773092e+07
        27,    -1.932492864201273e+07,     0.000000000000000e+00,     1.932492864201273e+07
        28,    -1.908759195168763e+07,     0.000000000000000e+00,     1.908759195168763e+07
        29,    -1.885264842552316e+07,     0.000000000000000e+00,     1.885264842552316e+07
        30,    -1.862007973042624e+07,     0.000000000000000e+00,     1.862007973042624e+07
        31,    -1.838986762137881e+07,     0.000000000000000e+00,     1.838986762137881e+07
        32,    -1.816199394137983e+07,     0.000000000000000e+00,     1.816199394137983e+07
        33,    -1.793644062137898e+07,     0.000000000000000e+00,     1.793644062137898e+07
        34,    -1.749222322453452e+07,     0.000000000000000e+00,     1.749222322453452e+07
        35,    -1.771318968021194e+07,     0.000000000000000e+00,     1.771318968021194e+07
        36,    -1.727352344875007e+07,     0.000000000000000e+00,     1.727352344875007e+07
        37,    -1.684285315280123e+07,     0.000000000000000e+00,     1.684285315280123e+07
        38,    -1.705707263494264e+07,     0.000000000000000e+00,     1.705707263494264e+07
        39,    -1.663084745954579e+07,     0.000000000000000e+00,     1.663084745954579e+07
        40,    -1.621340770577149e+07,     0.000000000000000e+00,     1.621340770577149e+07
        41,    -1.642103809985216e+07,     0.000000000000000e+00,     1.642103809985216e+07
        42,    -1.600793899665198e+07,     0.000000000000000e+00,     1.600793899665198e+07
        43,    -1.580461477905628e+07,     0.000000000000000e+00,     1.580461477905628e+07
        44,    -1.560341794667743e+07,     0.000000000000000e+00,     1.560341794667743e+07
        45,    -1.540433148025338e+07,     0.000000000000000e+00,     1.540433148025338e+07
        46,    -1.501242200292129e+07,     0.000000000000000e+00,     1.501242200292129e+07
        47,    -1.520733844748000e+07,     0.000000000000000e+00,     1.520733844748000e+07
        48,    -1.481956538791822e+07,     0.000000000000000e+00,     1.481956538791822e+07
        49,    -1.443996504527118e+07,     0.000000000000000e+00,     1.443996504527118e+07
        50,    -1.462875193049650e+07,     0.000000000000000e+00,     1.462875193049650e+07
        51,    -1.425318823335024e+07,     0.000000000000000e+00,     1.425318823335024e+07
        52,    -1.406840508223651e+07,     0.000000000000000e+00,     1.406840508223651e+07
        53,    -1.388559926572658e+07,     0.000000000000000e+00,     1.388559926572658e+07
        54,    -1.370475454380957e+07,     0.000000000000000e+00,     1.370475454380957e+07
        55,    -1.352585476256393e+07,     0.000000000000000e+00,     1.352585476256393e+07
        56,    -1.334888385404956e+07,     0.000000000000000e+00,     1.334888385404956e+07
        57,    -1.317382583620196e+07,     0.000000000000000e+00,     1.317382583620196e+07
        58,    -1.300066481272325e+07,     0.000000000000000e+00,     1.300066481272325e+07
        59,    -1.265997059183846e+07,     0.000000000000000e+00,     1.265997059183846e+07
        60,    -1.282938497296922e+07,     0.000000000000000e+00,     1.282938497296922e+07
        61,    -1.249240602965571e+07,     0.000000000000000e+00,     1.249240602965571e+07
        62,    -1.216276422986969e+07,     0.000000000000000e+00,     1.216276422986969e+07
        63,    -1.232667573205709e+07,     0.000000000000000e+00,     1.232667573205709e+07
        64,    -1.200065613899376e+07,     0.000000000000000e+00,     1.200065613899376e+07
        65,    -1.184033616027862e+07,     0.000000000000000e+00,     1.184033616027862e+07
        66,    -1.168178907939999e+07,     0.000000000000000e+00,     1.168178907939999e+07
        67,    -1.152499976673377e+07,     0.000000000000000e+00,     1.152499976673377e+07
        68,    -1.121663435028065e+07,     0.000000000000000e+00,     1.121663435028065e+07
        69,    -1.136995317722963e+07,     0.000000000000000e+00,     1.136995317722963e+07
        70,    -1.106502840959336e+07,     0.000000000000000e+00,     1.106502840959336e+07
        71,    -1.076689610259520e+07,     0.000000000000000e+00,     1.076689610259520e+07
        72,    -1.091512056305408e+07,     0.000000000000000e+00,     1.091512056305408e+07
        73,    -1.062034040405799e+07,     0.000000000000000e+00,     1.062034040405799e+07
        74,    -1.033217721483144e+07,     0.000000000000000e+00,     1.033217721483144e+07
        75,    -1.047543892705523e+07,     0.000000000000000e+00,     1.047543892705523e+07
        76,    -1.019054089411987e+07,     0.000000000000000e+00,     1.019054089411987e+07
        77,    -1.005051567500093e+07,     0.000000000000000e+00,     1.005051567500093e+07
        78,    -9.912087350755733e+06,     0.000000000000000e+00,     9.912087350755733e+06
        79,    -9.775241797720009e+06,     0.000000000000000e+00,     9.775241797720009e+06
        80,    -9.639964975134509e+06,     0.000000000000000e+00,     9.639964975134509e+06
        81,    -9.506242924995260e+06,     0.000000000000000e+00,     9.506242924995260e+06
        82,    -9.374062246955698e+06,     0.000000000000000e+00,     9.374062246955698e+06
        83,    -9.114267542211896e+06,     0.000000000000000e+00,     9.114267542211896e+06
        84,    -9.243408197866777e+06,     0.000000000000000e+00,     9.243408197866777e+06
        85,    -8.986626651467735e+06,     0.000000000000000e+00,     8.986626651467735e+06
        86,    -8.735790060341854e+06,     0.000000000000000e+00,     8.735790060341854e+06
        87,    -8.860471979088087e+06,     0.000000000000000e+00,     8.860471979088087e+06
        88,    -8.612567512151539e+06,     0.000000000000000e+00,     8.612567512151539e+06
        89,    -8.370447402407484e+06,     0.000000000000000e+00,     8.370447402407484e+06
        90,    -8.490791032928750e+06,     0.000000000000000e+00,     8.490791032928750e+06
        91,    -8.251523481477147e+06,     0.000000000000000e+00,     8.251523481477147e+06
        92,    -8.017882616704913e+06,     0.000000000000000e+00,     8.017882616704913e+06
        93,    -8.134006212013091e+06,     0.000000000000000e+00,     8.134006212013091e+06
        94,    -7.903139798884419e+06,     0.000000000000000e+00,     7.903139798884419e+06
        95,    -7.677745311193730e+06,     0.000000000000000e+00,     7.677745311193730e+06
        96,    -7.789764942350646e+06,     0.000000000000000e+00,     7.789764942350646e+06
        97,    -7.567068249617437e+06,     0.000000000000000e+00,     7.567068249617437e+06
        98,    -7.457721181758979e+06,     0.000000000000000e+00,     7.457721181758979e+06
        99,    -7.242967122326720e+06,     0.000000000000000e+00,     7.242967122326720e+06
       100,    -7.349691611508776e+06,     0.000000000000000e+00,     7.349691611508776e+06
       101,    -7.137535377058211e+06,     0.000000000000000e+00,     7.137535377058211e+06
       102,    -7.033384117748030e+06,     0.000000000000000e+00,     7.033384117748030e+06
       103,    -6.930501165452519e+06,     0.000000000000000e+00,     6.930501165452519e+06
       104,    -6.828874420050016e+06,     0.000000000000000e+00,     6.828874420050016e+06
       105,    -6.728491860050409e+06,     0.000000000000000e+00,     6.728491860050409e+06
       106,    -6.629341542402137e+06,     0.000000000000000e+00,     6.629341542402137e+06
       107,    -6.531411602298123e+06,     0.000000000000000e+00,     6.531411602298123e+06
       108,    -6.434690252979898e+06,     0.000000000000000e+00,     6.434690252979898e+06
       109,    -6.339165785540435e+06,     0.000000000000000e+00,     6.339165785540435e+06
       110,    -6.244826568725196e+06,     0.000000000000000e+00,     6.244826568725196e+06
       111,    -6.151661048730931e+06,     0.000000000000000e+00,     6.151661048730931e+06
       112,    -6.059657749004447e+06,     0.000000000000000e+00,     6.059657749004447e+06
       113,    -5.968805270038455e+06,     0.000000000000000e+00,     5.968805270038455e+06
       114,    -5.879092289166311e+06,     0.000000000000000e+00,     5.879092289166311e+06
       115,    -5.790507560355177e+06,     0.000000000000000e+00,     5.790507560355177e+06
       116,    -5.703039913998156e+06,     0.000000000000000e+00,     5.703039913998156e+06
       117,    -5.616678256704009e+06,     0.000000000000000e+00,     5.616678256704009e+06
       118,    -5.531411571085806e+06,     0.000000000000000e+00,     5.531411571085806e+06
       119,    -5.447228915548226e+06,     0.000000000000000e+00,     5.447228915548226e+06
       120,    -5.364119424073537e+06,     0.000000000000000e+00,     5.364119424073537e+06
       121,    -5.282072306004919e+06,     0.000000000000000e+00,     5.282072306004919e+06
       122,    -5.201076845829647e+06,     0.000000000000000e+00,     5.201076845829647e+06
       123,    -5.121122402960602e+06,     0.000000000000000e+00,     5.121122402960602e+06
       124,    -4.964294380093741e+06,     0.000000000000000e+00,     4.964294380093741e+06
       125,    -5.042198411515199e+06,     0.000000000000000e+00,     5.042198411515199e+06
       126,    -4.887399891556961e+06,     0.000000000000000e+00,     4.887399891556961e+06
       127,    -4.736598244529787e+06,     0.000000000000000e+00,     4.736598244529787e+06
       128,    -4.811504602800870e+06,     0.000000000000000e+00,     4.811504602800870e+06
       129,    -4.662670621030658e+06,     0.000000000000000e+00,     4.662670621030658e+06
       130,    -4.517711162028288e+06,     0.000000000000000e+00,     4.517711162028288e+06
       131,    -4.589711609942966e+06,     0.000000000000000e+00,     4.589711609942966e+06
       132,    -4.446659300938997e+06,     0.000000000000000e+00,     4.446659300938997e+06
       133,    -4.307361796902237e+06,     0.000000000000000e+00,     4.307361796902237e+06
       134,    -4.376546122985804e+06,     0.000000000000000e+00,     4.376546122985804e+06
       135,    -4.239096563609169e+06,     0.000000000000000e+00,     4.239096563609169e+06
       136,    -4.171740735978182e+06,     0.000000000000000e+00,     4.171740735978182e+06
       137,    -4.105284698592906e+06,     0.000000000000000e+00,     4.105284698592906e+06
       138,    -4.039718907508352e+06,     0.000000000000000e+00,     4.039718907508352e+06
       139,    -3.975033890010799e+06,     0.000000000000000e+00,     3.975033890010799e+06
       140,    -3.848268639621082e+06,     0.000000000000000e+00,     3.848268639621082e+06
       141,    -3.911220244375273e+06,     0.000000000000000e+00,     3.911220244375273e+06
       142,    -3.786169815266883e+06,     0.000000000000000e+00,     3.786169815266883e+06
       143,    -3.664493816854571e+06,     0.000000000000000e+00,     3.664493816854571e+06
       144,    -3.724914581085279e+06,     0.000000000000000e+00,     3.724914581085279e+06
       145,    -3.604898472109432e+06,     0.000000000000000e+00,     3.604898472109432e+06
       146,    -3.488148186500113e+06,     0.000000000000000e+00,     3.488148186500113e+06
       147,    -3.546119565891890e+06,     0.000000000000000e+00,     3.546119565891890e+06
       148,    -3.430975491234774e+06,     0.000000000000000e+00,     3.430975491234774e+06
       149,    -3.318991125779789e+06,     0.000000000000000e+00,     3.318991125779789e+06
       150,    -3.374592706146179e+06,     0.000000000000000e+00,     3.374592706146179e+06
       151,    -3.264162112919616e+06,     0.000000000000000e+00,     3.264162112919616e+06
       152,    -3.156787580500402e+06,     0.000000000000000e+00,     3.156787580500402e+06
       153,    -3.210097098330386e+06,     0.000000000000000e+00,     3.210097098330386e+06
       154,    -3.104225125381663e+06,     0.000000000000000e+00,     3.104225125381663e+06
       155,    -3.052401366128126e+06,     0.000000000000000e+00,     3.052401366128126e+06
       156,    -3.001308002834855e+06,     0.000000000000000e+00,     3.001308002834855e+06
       157,    -2.950936802275755e+06,     0.000000000000000e+00,     2.950936802275755e+06
       158,    -2.901279597638220e+06,     0.000000000000000e+00,     2.901279597638220e+06
       159,    -2.852328288258341e+06,     0.000000000000000e+00,     2.852328288258341e+06
       160,    -2.804074839356038e+06,     0.000000000000000e+00,     2.804074839356038e+06
       161,    -2.756511281766972e+06,     0.000000000000000e+00,     2.756511281766972e+06
       162,    -2.709629711673747e+06,     0.000000000000000e+00,     2.709629711673747e+06
       163,    -2.663422290337909e+06,     0.000000000000000e+00,     2.663422290337909e+06
       164,    -2.617881243829798e+06,     0.000000000000000e+00,     2.617881243829798e+06
       165,    -2.528767501987350e+06,     0.000000000000000e+00,     2.528767501987350e+06
       166,    -2.572998862755906e+06,     0.000000000000000e+00,     2.572998862755906e+06
       167,    -2.485179580387689e+06,     0.000000000000000e+00,     2.485179580387689e+06
       168,    -2.399904048458396e+06,     0.000000000000000e+00,     2.399904048458396e+06
       169,    -2.442227580537407e+06,     0.000000000000000e+00,     2.442227580537407e+06
       170,    -2.358201593339550e+06,     0.000000000000000e+00,     2.358201593339550e+06
       171,    -2.317112887259244e+06,     0.000000000000000e+00,     2.317112887259244e+06
       172,    -2.276630664906119e+06,     0.000000000000000e+00,     2.276630664906119e+06
       173,    -2.236747723301791e+06,     0.000000000000000e+00,     2.236747723301791e+06
       174,    -2.158751180413434e+06,     0.000000000000000e+00,     2.158751180413434e+06
       175,    -2.197456921521778e+06,     0.000000000000000e+00,     2.197456921521778e+06
       176,    -2.120623482314994e+06,     0.000000000000000e+00,     2.120623482314994e+06
       177,    -2.046074450267724e+06,     0.000000000000000e+00,     2.046074450267724e+06
       178,    -2.083066870774840e+06,     0.000000000000000e+00,     2.083066870774840e+06
       179,    -2.009639385909626e+06,     0.000000000000000e+00,     2.009639385909626e+06
       180,    -1.973754903175130e+06,     0.000000000000000e+00,     1.973754903175130e+06
       181,    -1.938414287612132e+06,     0.000000000000000e+00,     1.938414287612132e+06
       182,    -1.903610884553808e+06,     0.000000000000000e+00,     1.903610884553808e+06
       183,    -1.869338098832659e+06,     0.000000000000000e+00,     1.869338098832659e+06
       184,    -1.835589394494451e+06,     0.000000000000000e+00,     1.835589394494451e+06
       185,    -1.802358295240584e+06,     0.000000000000000e+00,     1.802358295240584e+06
       186,    -1.769638381209063e+06,     0.000000000000000e+00,     1.769638381209063e+06
       187,    -1.737423293081146e+06,     0.000000000000000e+00,     1.737423293081146e+06
       188,    -1.705706729787117e+06,     0.000000000000000e+00,     1.705706729787117e+06
       189,    -1.643744253613416e+06,     0.000000000000000e+00,     1.643744253613416e+06
       190,    -1.674482445242683e+06,     0.000000000000000e+00,     1.674482445242683e+06
       191,    -1.613486025320697e+06,     0.000000000000000e+00,     1.613486025320697e+06
       192,    -1.554385224570497e+06,     0.000000000000000e+00,     1.554385224570497e+06
       193,    -1.583701687672644e+06,     0.000000000000000e+00,     1.583701687672644e+06
       194,    -1.525530676217088e+06,     0.000000000000000e+00,     1.525530676217088e+06
       195,    -1.469183764298934e+06,     0.000000000000000e+00,     1.469183764298934e+06
       196,    -1.497132138820790e+06,     0.000000000000000e+00,     1.497132138820790e+06
       197,    -1.441679759984289e+06,     0.000000000000000e+00,     1.441679759984289e+06
       198,    -1.414614388329443e+06,     0.000000000000000e+00,     1.414614388329443e+06
       199,    -1.387981966607738e+06,     0.000000000000000e+00,     1.387981966607738e+06
       200,    -1.361776866617030e+06,     0.000000000000000e+00,     1.361776866617030e+06
       201,    -1.335993514384548e+06,     0.000000000000000e+00,     1.335993514384548e+06
       202,    -1.310626389866680e+06,     0.000000000000000e+00,     1.310626389866680e+06
       203,    -1.285670026649746e+06,     0.000000000000000e+00,     1.285670026649746e+06
       204,    -1.261119011653876e+06,     0.000000000000000e+00,     1.261119011653876e+06
       205,    -1.236967984833650e+06,     0.000000000000000e+00,     1.236967984833650e+06
       206,    -1.189844718900175e+06,     0.000000000000000e+00,     1.189844718900175e+06
       207,    -1.213211638875552e+06,     0.000000000000000e+00,     1.213211638875552e+06
       208,    -1.166862022163342e+06,     0.000000000000000e+00,     1.166862022163342e+06
       209,    -1.122028746286737e+06,     0.000000000000000e+00,     1.122028746286737e+06
       210,    -1.144258397752810e+06,     0.000000000000000e+00,     1.144258397752810e+06
       211,    -1.100168019615810e+06,     0.000000000000000e+00,     1.100168019615810e+06
       212,    -1.057533402404744e+06,     0.000000000000000e+00,     1.057533402404744e+06
       213,    -1.078671220519996e+06,     0.000000000000000e+00,     1.078671220519996e+06
       214,    -1.036749669001406e+06,     0.000000000000000e+00,     1.036749669001406e+06
       215,    -1.016315174066484e+06,     0.000000000000000e+00,     1.016315174066484e+06
       216,    -9.962251210754757e+05,     0.000000000000000e+00,     9.962251210754757e+05
       217,    -9.764747629215085e+05,     0.000000000000000e+00,     9.764747629215085e+05
       218,    -9.570594016154784e+05,     0.000000000000000e+00,     9.570594016154784e+05
       219,    -9.379743879805334e+05,     0.000000000000000e+00,     9.379743879805334e+05
       220,    -9.192151213472098e+05,     0.000000000000000e+00,     9.192151213472098e+05
       221,    -9.007770492537180e+05,     0.000000000000000e+00,     9.007770492537180e+05
       222,    -8.648465180522803e+05,     0.000000000000000e+00,     8.648465180522803e+05
       223,    -8.826556671424013e+05,     0.000000000000000e+00,     8.826556671424013e+05
       224,    -8.473451923178970e+05,     0.000000000000000e+00,     8.473451923178970e+05
       225,    -8.132486069183243e+05,     0.000000000000000e+00,     8.132486069183243e+05
       226,    -8.301473272679521e+05,     0.000000000000000e+00,     8.301473272679521e+05
       227,    -7.966447616672239e+05,     0.000000000000000e+00,     7.966447616672239e+05
       228,    -7.643048481656066e+05,     0.000000000000000e+00,     7.643048481656066e+05
       229,    -7.803315679964374e+05,     0.000000000000000e+00,     7.803315679964374e+05
       230,    -7.485604699057497e+05,     0.000000000000000e+00,     7.485604699057497e+05
       231,    -7.179024345764315e+05,     0.000000000000000e+00,     7.179024345764315e+05
       232,    -7.330943461188131e+05,     0.000000000000000e+00,     7.330943461188131e+05
       233,    -7.029807376114373e+05,     0.000000000000000e+00,     7.029807376114373e+05
       234,    -6.739322177402017e+05,     0.000000000000000e+00,     6.739322177402017e+05
       235,    -6.883253018155977e+05,     0.000000000000000e+00,     6.883253018155977e+05
       236,    -6.597976195900388e+05,     0.000000000000000e+00,     6.597976195900388e+05
       237,    -6.322886343228824e+05,     0.000000000000000e+00,     6.322886343228824e+05
       238,    -6.459176849171780e+05,     0.000000000000000e+00,     6.459176849171780e+05
       239,    -6.189067311551051e+05,     0.000000000000000e+00,     6.189067311551051e+05
       240,    -6.057682812008831e+05,     0.000000000000000e+00,     6.057682812008831e+05
       241,    -5.928696323867649e+05,     0.000000000000000e+00,     5.928696323867649e+05
       242,    -5.802071744805847e+05,     0.000000000000000e+00,     5.802071744805847e+05
       243,    -5.677773387854241e+05,     0.000000000000000e+00,     5.677773387854241e+05
       244,    -5.555765978364852e+05,     0.000000000000000e+00,     5.555765978364852e+05
       245,    -5.436014651061038e+05,     0.000000000000000e+00,     5.436014651061038e+05
       246,    -5.318484947008807e+05,     0.000000000000000e+00,     5.318484947008807e+05
       247,    -5.089954586418748e+05,     0.000000000000000e+00,     5.089954586418748e+05
       248,    -5.203142810566718e+05,     0.000000000000000e+00,     5.203142810566718e+05
       249,    -4.978887016608665e+05,     0.000000000000000e+00,     4.978887016608665e+05
       250,    -4.869907237475179e+05,     0.000000000000000e+00,     4.869907237475179e+05
       251,    -4.762982776667647e+05,     0.000000000000000e+00,     4.762982776667647e+05
       252,    -4.658081550209180e+05,     0.000000000000000e+00,     4.658081550209180e+05
       253,    -4.454222388197555e+05,     0.000000000000000e+00,     4.454222388197555e+05
       254,    -4.555171859481643e+05,     0.000000000000000e+00,     4.555171859481643e+05
       255,    -4.355202199490306e+05,     0.000000000000000e+00,     4.355202199490306e+05
       256,    -4.162827801602143e+05,     0.000000000000000e+00,     4.162827801602143e+05
       257,    -4.258080732951040e+05,     0.000000000000000e+00,     4.258080732951040e+05
       258,    -4.069413588962077e+05,     0.000000000000000e+00,     4.069413588962077e+05
       259,    -3.977808646147819e+05,     0.000000000000000e+00,     3.977808646147819e+05
       260,    -3.887983888869674e+05,     0.000000000000000e+00,     3.887983888869674e+05
       261,    -3.799910594459596e+05,     0.000000000000000e+00,     3.799910594459596e+05
       262,    -3.713560399005273e+05,     0.000000000000000e+00,     3.713560399005273e+05
       263,    -3.628905294398853e+05,     0.000000000000000e+00,     3.628905294398853e+05
       264,    -3.545917625341567e+05,     0.000000000000000e+00,     3.545917625341567e+05
       265,    -3.464570086464311e+05,     0.000000000000000e+00,     3.464570086464311e+05
       266,    -3.384835719458119e+05,     0.000000000000000e+00,     3.384835719458119e+05
       267,    -3.306687910079964e+05,     0.000000000000000e+00,     3.306687910079964e+05
       268,    -3.230100385253799e+05,     0.000000000000000e+00,     3.230100385253799e+05
       269,    -3.155047210246877e+05,     0.000000000000000e+00,     3.155047210246877e+05
       270,    -3.081502785752162e+05,     0.000000000000000e+00,     3.081502785752162e+05
       271,    -2.938839450663909e+05,     0.000000000000000e+00,     2.938839450663909e+05
       272,    -3.009441844938752e+05,     0.000000000000000e+00,     3.009441844938752e+05
       273,    -2.869670992623499e+05,     0.000000000000000e+00,     2.869670992623499e+05
       274,    -2.735539060692177e+05,     0.000000000000000e+00,     2.735539060692177e+05
       275,    -2.801912184412738e+05,     0.000000000000000e+00,     2.801912184412738e+05
       276,    -2.670527974426105e+05,     0.000000000000000e+00,     2.670527974426105e+05
       277,    -2.544498900200095e+05,     0.000000000000000e+00,     2.544498900200095e+05
       278,    -2.606855593970158e+05,     0.000000000000000e+00,     2.606855593970158e+05
       279,    -2.483435183775852e+05,     0.000000000000000e+00,     2.483435183775852e+05
       280,    -2.365097377520558e+05,     0.000000000000000e+00,     2.365097377520558e+05
       281,    -2.423642042320355e+05,     0.000000000000000e+00,     2.423642042320355e+05
       282,    -2.307779392387091e+05,     0.000000000000000e+00,     2.307779392387091e+05
       283,    -2.251666588536429e+05,     0.000000000000000e+00,     2.251666588536429e+05
       284,    -2.196737763315236e+05,     0.000000000000000e+00,     2.196737763315236e+05
       285,    -2.142972007029468e+05,     0.000000000000000e+00,     2.142972007029468e+05
       286,    -2.090348700287637e+05,     0.000000000000000e+00,     2.090348700287637e+05
       287,    -2.038847511223821e+05,     0.000000000000000e+00,     2.038847511223821e+05
       288,    -1.988448392663151e+05,     0.000000000000000e+00,     1.988448392663151e+05
       289,    -1.939131579494375e+05,     0.000000000000000e+00,     1.939131579494375e+05
       290,    -1.890877585977215e+05,     0.000000000000000e+00,     1.890877585977215e+05
       291,    -1.843667202925386e+05,     0.000000000000000e+00,     1.843667202925386e+05
       292,    -1.797481495007682e+05,     0.000000000000000e+00,     1.797481495007682e+05
       293,    -1.752301798172097e+05,     0.000000000000000e+00,     1.752301798172097e+05
       294,    -1.708109716869105e+05,     0.000000000000000e+00,     1.708109716869105e+05
       295,    -1.664887121319862e+05,     0.000000000000000e+00,     1.664887121319862e+05
       296,    -1.622616144962428e+05,     0.000000000000000e+00,     1.622616144962428e+05
       297,    -1.581279181817837e+05,     0.000000000000000e+00,     1.581279181817837e+05
       298,    -1.540858883726397e+05,     0.000000000000000e+00,     1.540858883726397e+05
       299,    -1.501338157791365e+05,     0.000000000000000e+00,     1.501338157791365e+05
       300,    -1.462700163861202e+05,     0.000000000000000e+00,     1.462700163861202e+05
       301,    -1.424928311817571e+05,     0.000000000000000e+00,     1.424928311817571e+05
       302,    -1.388006258955189e+05,     0.000000000000000e+00,     1.388006258955189e+05
       303,    -1.351917907534062e+05,     0.000000000000000e+00,     1.351917907534062e+05
       304,    -1.316647402176520e+05,     0.000000000000000e+00,     1.316647402176520e+05
       305,    -1.282179127175966e+05,     0.000000000000000e+00,     1.282179127175966e+05
       306,    -1.248497704060670e+05,     0.000000000000000e+00,     1.248497704060670e+05
       307,    -1.215587989102945e+05,     0.000000000000000e+00,     1.215587989102945e+05
       308,    -1.183435070659230e+05,     0.000000000000000e+00,     1.183435070659230e+05
       309,    -1.121341122202893e+05,     0.000000000000000e+00,     1.121341122202893e+05
       310,    -1.152024266646939e+05,     0.000000000000000e+00,     1.152024266646939e+05
       311,    -1.091371407091747e+05,     0.000000000000000e+00,     1.091371407091747e+05
       312,    -1.033516451973706e+05,     0.000000000000000e+00,     1.033516451973706e+05
       313,    -1.062101113152585e+05,     0.000000000000000e+00,     1.062101113152585e+05
       314,    -1.005603852492958e+05,     0.000000000000000e+00,     1.005603852492958e+05
       315,    -9.783499583937129e+04,     0.000000000000000e+00,     9.783499583937129e+04
       316,    -9.517416257638761e+04,     0.000000000000000e+00,     9.517416257638761e+04
       317,    -9.257659208111420e+04,     0.000000000000000e+00,     9.257659208111420e+04
       318,    -9.004101173418407e+04,     0.000000000000000e+00,     9.004101173418407e+04
       319,    -8.756616943040927e+04,     0.000000000000000e+00,     8.756616943040927e+04
       320,    -8.515083335827221e+04,     0.000000000000000e+00,     8.515083335827221e+04
       321,    -8.279379176030550e+04,     0.000000000000000e+00,     8.279379176030550e+04
       322,    -8.049385268131871e+04,     0.000000000000000e+00,     8.049385268131871e+04
       323,    -7.824984374723185e+04,     0.000000000000000e+00,     7.824984374723185e+04
       324,    -7.606061194184974e+04,     0.000000000000000e+00,     7.606061194184974e+04
       325,    -7.392502335977677e+04,     0.000000000000000e+00,     7.392502335977677e+04
       326,    -7.184196297586536e+04,     0.000000000000000e+00,     7.184196297586536e+04
       327,    -6.981033443886042e+04,     0.000000000000000e+00,     6.981033443886042e+04
       328,    -6.589707945296998e+04,     0.000000000000000e+00,     6.589707945296998e+04
       329,    -6.782905983515225e+04,     0.000000000000000e+00,     6.782905983515225e+04
       330,    -6.401335157514676e+04,     0.000000000000000e+00,     6.401335157514676e+04
       331,    -6.038657512515725e+04,     0.000000000000000e+00,     6.038657512515725e+04
       332,    -6.217685226544636e+04,     0.000000000000000e+00,     6.217685226544636e+04
       333,    -5.864153108162733e+04,     0.000000000000000e+00,     5.864153108162733e+04
       334,    -5.528327138138991e+04,     0.000000000000000e+00,     5.528327138138991e+04
       335,    -5.694074818584065e+04,     0.000000000000000e+00,     5.694074818584065e+04
       336,    -5.366816227651820e+04,     0.000000000000000e+00,     5.366816227651820e+04
       337,    -5.209449895254059e+04,     0.000000000000000e+00,     5.209449895254059e+04
       338,    -5.056137574894135e+04,     0.000000000000000e+00,     5.056137574894135e+04
       339,    -4.906790303253427e+04,     0.000000000000000e+00,     4.906790303253427e+04
       340,    -4.761320700110002e+04,     0.000000000000000e+00,     4.761320700110002e+04
       341,    -4.619642949203635e+04,     0.000000000000000e+00,     4.619642949203635e+04
       342,    -4.481672775675246e+04,     0.000000000000000e+00,     4.481672775675246e+04
       343,    -4.347327425336698e+04,     0.000000000000000e+00,     4.347327425336698e+04
       344,    -4.216525647002928e+04,     0.000000000000000e+00,     4.216525647002928e+04
       345,    -4.089187671388471e+04,     0.000000000000000e+00,     4.089187671388471e+04
       346,    -3.965235189369754e+04,     0.000000000000000e+00,     3.965235189369754e+04
       347,    -3.844591333916612e+04,     0.000000000000000e+00,     3.844591333916612e+04
       348,    -3.727180661458777e+04,     0.000000000000000e+00,     3.727180661458777e+04
       349,    -3.612929129404075e+04,     0.000000000000000e+00,     3.612929129404075e+04
       350,    -3.501764077296689e+04,     0.000000000000000e+00,     3.501764077296689e+04
       351,    -3.393614209557018e+04,     0.000000000000000e+00,     3.393614209557018e+04
       352,    -3.288409574863680e+04,     0.000000000000000e+00,     3.288409574863680e+04
       353,    -3.186081545331664e+04,     0.000000000000000e+00,     3.186081545331664e+04
       354,    -3.086562800694673e+04,     0.000000000000000e+00,     3.086562800694673e+04
       355,    -2.989787309716723e+04,     0.000000000000000e+00,     2.989787309716723e+04
       356,    -2.895690309335065e+04,     0.000000000000000e+00,     2.895690309335065e+04
       357,    -2.804208287596145e+04,     0.000000000000000e+00,     2.804208287596145e+04
       358,    -2.715278967992845e+04,     0.000000000000000e+00,     2.715278967992845e+04
       359,    -2.628841289048540e+04,     0.000000000000000e+00,     2.628841289048540e+04
       360,    -2.544835385782128e+04,     0.000000000000000e+00,     2.544835385782128e+04
       361,    -2.463202574860898e+04,     0.000000000000000e+00,     2.463202574860898e+04
       362,    -2.383885336240638e+04,     0.000000000000000e+00,     2.383885336240638e+04
       363,    -2.306827293085631e+04,     0.000000000000000e+00,     2.306827293085631e+04
       364,    -2.231973196481345e+04,     0.000000000000000e+00,     2.231973196481345e+04
       365,    -2.159268909824798e+04,     0.000000000000000e+00,     2.159268909824798e+04
       366,    -2.088661388466151e+04,     0.000000000000000e+00,     2.088661388466151e+04
       367,    -2.020098663293369e+04,     0.000000000000000e+00,     2.020098663293369e+04
       368,    -1.953529826919901e+04,     0.000000000000000e+00,     1.953529826919901e+04
       369,    -1.888905015919048e+04,     0.000000000000000e+00,     1.888905015919048e+04
       370,    -1.826175392145550e+04,     0.000000000000000e+00,     1.826175392145550e+04
       371,    -1.765293130234618e+04,     0.000000000000000e+00,     1.765293130234618e+04
       372,    -1.706211402067587e+04,     0.000000000000000e+00,     1.706211402067587e+04
       373,    -1.648884358054470e+04,     0.000000000000000e+00,     1.648884358054470e+04
       374,    -1.593267112418924e+04,     0.000000000000000e+00,     1.593267112418924e+04
       375,    -1.539315730974136e+04,     0.000000000000000e+00,     1.539315730974136e+04
       376,    -1.486987212575480e+04,     0.000000000000000e+00,     1.486987212575480e+04
       377,    -1.436239472608606e+04,     0.000000000000000e+00,     1.436239472608606e+04
       378,    -1.387031331054782e+04,     0.000000000000000e+00,     1.387031331054782e+04
       379,    -1.339322497166416e+04,     0.000000000000000e+00,     1.339322497166416e+04
       380,    -1.293073551015606e+04,     0.000000000000000e+00,     1.293073551015606e+04
       381,    -1.248245931193091e+04,     0.000000000000000e+00,     1.248245931193091e+04
       382,    -1.204801922654059e+04,     0.000000000000000e+00,     1.204801922654059e+04
       383,    -1.162704638894135e+04,     0.000000000000000e+00,     1.162704638894135e+04
       384,    -1.121918007762660e+04,     0.000000000000000e+00,     1.121918007762660e+04
       385,    -1.082406761438607e+04,     0.000000000000000e+00,     1.082406761438607e+04
       386,    -1.044136421458631e+04,     0.000000000000000e+00,     1.044136421458631e+04
       387,    -1.007073281937419e+04,     0.000000000000000e+00,     1.007073281937419e+04
       388,    -9.711843999437306e+03,     0.000000000000000e+00,     9.711843999437306e+03
       389,    -9.364375830219999e+03,     0.000000000000000e+00,     9.364375830219999e+03
       390,    -9.028013723299118e+03,     0.000000000000000e+00,     9.028013723299118e+03
       391,    -8.702450298414511e+03,     0.000000000000000e+00,     8.702450298414511e+03
       392,    -8.387385294929287e+03,     0.000000000000000e+00,     8.387385294929287e+03
       393,    -8.082525407195331e+03,     0.000000000000000e+00,     8.082525407195331e+03
       394,    -7.787584138475346e+03,     0.000000000000000e+00,     7.787584138475346e+03
       395,    -7.502281713635161e+03,     0.000000000000000e+00,     7.502281713635161e+03
       396,    -7.226344961280009e+03,     0.000000000000000e+00,     7.226344961280009e+03
       397,    -6.959507145360039e+03,     0.000000000000000e+00,     6.959507145360039e+03
       398,    -6.701507872385449e+03,     0.000000000000000e+00,     6.701507872385449e+03
       399,    -6.452093004948456e+03,     0.000000000000000e+00,     6.452093004948456e+03
       400,    -6.211014511803197e+03,     0.000000000000000e+00,     6.211014511803197e+03
       401,    -5.978030342003914e+03,     0.000000000000000e+00,     5.978030342003914e+03
       402,    -5.752904358716438e+03,     0.000000000000000e+00,     5.752904358716438e+03
       403,    -5.535406214279928e+03,     0.000000000000000e+00,     5.535406214279928e+03
       404,    -5.325311197454569e+03,     0.000000000000000e+00,     5.325311197454569e+03
       405,    -5.122400161306530e+03,     0.000000000000000e+00,     5.122400161306530e+03
       406,    -4.926459430764136e+03,     0.000000000000000e+00,     4.926459430764136e+03
       407,    -4.737280648746531e+03,     0.000000000000000e+00,     4.737280648746531e+03
       408,    -4.554660667212805e+03,     0.000000000000000e+00,     4.554660667212805e+03
       409,    -4.378401492757407e+03,     0.000000000000000e+00,     4.378401492757407e+03
       410,    -4.208310150523323e+03,     0.000000000000000e+00,     4.208310150523323e+03
       411,    -4.044198557056333e+03,     0.000000000000000e+00,     4.044198557056333e+03
       412,    -3.885883463155341e+03,     0.000000000000000e+00,     3.885883463155341e+03
       413,    -3.733186372643882e+03,     0.000000000000000e+00,     3.733186372643882e+03
       414,    -3.585933389167974e+03,     0.000000000000000e+00,     3.585933389167974e+03
       415,    -3.443955149752551e+03,     0.000000000000000e+00,     3.443955149752551e+03
       416,    -3.307086770569631e+03,     0.000000000000000e+00,     3.307086770569631e+03
       417,    -3.175167719322111e+03,     0.000000000000000e+00,     3.175167719322111e+03
       418,    -3.048041697183396e+03,     0.000000000000000e+00,     3.048041697183396e+03
       419,    -2.925556604099361e+03,     0.000000000000000e+00,     2.925556604099361e+03
       420,    -2.807564437562253e+03,     0.000000000000000e+00,     2.807564437562253e+03
       421,    -2.693921154897556e+03,     0.000000000000000e+00,     2.693921154897556e+03
       422,    -2.584486617903358e+03,     0.000000000000000e+00,     2.584486617903358e+03
       423,    -2.479124538582398e+03,     0.000000000000000e+00,     2.479124538582398e+03
       424,    -2.377702342578238e+03,     0.000000000000000e+00,     2.377702342578238e+03
       425,    -2.280091079673035e+03,     0.000000000000000e+00,     2.280091079673035e+03
       426,    -2.186165403394709e+03,     0.000000000000000e+00,     2.186165403394709e+03
       427,    -2.095803467366336e+03,     0.000000000000000e+00,     2.095803467366336e+03
       428,    -2.008886811375365e+03,     0.000000000000000e+00,     2.008886811375365e+03
       429,    -1.925300328729544e+03,     0.000000000000000e+00,     1.925300328729544e+03
       430,    -1.844932217111555e+03,     0.000000000000000e+00,     1.844932217111555e+03
       431,    -1.767673840828363e+03,     0.000000000000000e+00,     1.767673840828363e+03
       432,    -1.693419679798104e+03,     0.000000000000000e+00,     1.693419679798104e+03
       433,    -1.622067300666673e+03,     0.000000000000000e+00,     1.622067300666673e+03
       434,    -1.553517248437632e+03,     0.000000000000000e+00,     1.553517248437632e+03
       435,    -1.487672933270284e+03,     0.000000000000000e+00,     1.487672933270284e+03
       436,    -1.424440628330112e+03,     0.000000000000000e+00,     1.424440628330112e+03
       437,    -1.363729395323694e+03,     0.000000000000000e+00,     1.363729395323694e+03
       438,    -1.305450961391413e+03,     0.000000000000000e+00,     1.305450961391413e+03
       439,    -1.249519676260201e+03,     0.000000000000000e+00,     1.249519676260201e+03
       440,    -1.195852499792437e+03,     0.000000000000000e+00,     1.195852499792437e+03
       441,    -1.144368888043507e+03,     0.000000000000000e+00,     1.144368888043507e+03
       442,    -1.094990720484346e+03,     0.000000000000000e+00,     1.094990720484346e+03
       443,    -1.047642302882842e+03,     0.000000000000000e+00,     1.047642302882842e+03
       444,    -1.002250293357828e+03,     0.000000000000000e+00,     1.002250293357828e+03
       445,    -9.587435915879987e+02,     0.000000000000000e+00,     9.587435915879987e+02
       446,    -9.170533287181179e+02,     0.000000000000000e+00,     9.170533287181179e+02
       447,    -8.771128467152669e+02,     0.000000000000000e+00,     8.771128467152669e+02
       448,    -8.388575721717954e+02,     0.000000000000000e+00,     8.388575721717954e+02
       449,    -8.022249654136853e+02,     0.000000000000000e+00,     8.022249654136853e+02
       450,    -7.671545175533538e+02,     0.000000000000000e+00,     7.671545175533538e+02
       451,    -7.335876732826569e+02,     0.000000000000000e+00,     7.335876732826569e+02
       452,    -7.014677269609259e+02,     0.000000000000000e+00,     7.014677269609259e+02
       453,    -6.707398399390411e+02,     0.000000000000000e+00,     6.707398399390411e+02
       454,    -6.413509944978229e+02,     0.000000000000000e+00,     6.413509944978229e+02
       455,    -6.132498900409663e+02,     0.000000000000000e+00,     6.132498900409663e+02
       456,    -5.863869130947247e+02,     0.000000000000000e+00,     5.863869130947247e+02
       457,    -5.607141607549485e+02,     0.000000000000000e+00,     5.607141607549485e+02
       458,    -5.361853433826587e+02,     0.000000000000000e+00,     5.361853433826587e+02
       459,    -5.127557181089047e+02,     0.000000000000000e+00,     5.127557181089047e+02
       460,    -4.903821041784232e+02,     0.000000000000000e+00,     4.903821041784232e+02
       461,    -4.690228399993879e+02,     0.000000000000000e+00,     4.690228399993879e+02
       462,    -4.486376769328753e+02,     0.000000000000000e+00,     4.486376769328753e+02
       463,    -4.291877792543981e+02,     0.000000000000000e+00,     4.291877792543981e+02
       464,    -4.106357235581483e+02,     0.000000000000000e+00,     4.106357235581483e+02
       465,    -3.929453911938092e+02,     0.000000000000000e+00,     3.929453911938092e+02
       466,    -3.760819219536733e+02,     0.000000000000000e+00,     3.760819219536733e+02
       467,    -3.600117416722534e+02,     0.000000000000000e+00,     3.600117416722534e+02
       468,    -3.447025118922781e+02,     0.000000000000000e+00,     3.447025118922781e+02
       469,    -3.301230342931427e+02,     0.000000000000000e+00,     3.301230342931427e+02
       470,    -3.162432782642427e+02,     0.000000000000000e+00,     3.162432782642427e+02
       471,    -2.904684873088295e+02,     0.000000000000000e+00,     2.904684873088295e+02
       472,    -3.030343652479340e+02,     0.000000000000000e+00,     3.030343652479340e+02
       473,    -2.785188800785178e+02,     0.000000000000000e+00,     2.785188800785178e+02
       474,    -2.671598642023788e+02,     0.000000000000000e+00,     2.671598642023788e+02
       475,    -2.563667587931401e+02,     0.000000000000000e+00,     2.563667587931401e+02
       476,    -2.461158188467606e+02,     0.000000000000000e+00,     2.461158188467606e+02
       477,    -2.363842641377759e+02,     0.000000000000000e+00,     2.363842641377759e+02
       478,    -2.271502676663453e+02,     0.000000000000000e+00,     2.271502676663453e+02
       479,    -2.183928479021324e+02,     0.000000000000000e+00,     2.183928479021324e+02
       480,    -2.100918705237386e+02,     0.000000000000000e+00,     2.100918705237386e+02
       481,    -2.022280642401143e+02,     0.000000000000000e+00,     2.022280642401143e+02
       482,    -1.947829565351983e+02,     0.000000000000000e+00,     1.947829565351983e+02
       483,    -1.877388269732177e+02,     0.000000000000000e+00,     1.877388269732177e+02
       484,    -1.810787406454855e+02,     0.000000000000000e+00,     1.810787406454855e+02
       485,    -1.747865090909668e+02,     0.000000000000000e+00,     1.747865090909668e+02
       486,    -1.688466096754372e+02,     0.000000000000000e+00,     1.688466096754372e+02
       487,    -1.632442122628558e+02,     0.000000000000000e+00,     1.632442122628558e+02
       488,    -1.579651784059888e+02,     0.000000000000000e+00,     1.579651784059888e+02
       489,    -1.529959795354444e+02,     0.000000000000000e+00,     1.529959795354444e+02
       490,    -1.483236485694260e+02,     0.000000000000000e+00,     1.483236485694260e+02
       491,    -1.439358030287027e+02,     0.000000000000000e+00,     1.439358030287027e+02
       492,    -1.398205682576432e+02,     0.000000000000000e+00,     1.398205682576432e+02
       493,    -1.359665086272578e+02,     0.000000000000000e+00,     1.359665086272578e+02
       494,    -1.323626137173979e+02,     0.000000000000000e+00,     1.323626137173979e+02
       495,    -1.289982498725426e+02,     0.000000000000000e+00,     1.289982498725426e+02
       496,    -1.258630298603291e+02,     0.000000000000000e+00,     1.258630298603291e+02
       497,    -1.229467761696593e+02,     0.000000000000000e+00,     1.229467761696593e+02
       498,    -1.202394688087635e+02,     0.000000000000000e+00,     1.202394688087635e+02
       499,    -1.177311313751508e+02,     0.000000000000000e+00,     1.177311313751508e+02
       500,    -1.154117173508185e+02,     0.000000000000000e+00,     1.154117173508185e+02
       501,    -1.132710633495091e+02,     0.000000000000000e+00,     1.132710633495091e+02
       502,    -1.112988005662267e+02,     0.000000000000000e+00,     1.112988005662267e+02
       503,    -1.094842770536431e+02,     0.000000000000000e+00,     1.094842770536431e+02
       504,    -1.078165636676467e+02,     0.000000000000000e+00,     1.078165636676467e+02
       505,    -1.062844794262952e+02,     0.000000000000000e+00,     1.062844794262952e+02
       506,    -1.048766308102137e+02,     0.000000000000000e+00,     1.048766308102137e+02
       507,    -1.035815367845041e+02,     0.000000000000000e+00,     1.035815367845041e+02
       508,    -1.023878238337888e+02,     0.000000000000000e+00,     1.023878238337888e+02
       509,    -1.012843935862461e+02,     0.000000000000000e+00,     1.012843935862461e+02
       510,    -1.002606125872908e+02,     0.000000000000000e+00,     1.002606125872908e+02
       511,    -9.930650156549181e+01,     0.000000000000000e+00,     9.930650156549181e+01
       512,    -9.841286889763887e+01,     0.000000000000000e+00,     9.841286889763887e+01
       513,    -9.757139057223259e+01,     0.000000000000000e+00,     9.757139057223259e+01
       514,    -9.677466492979660e+01,     0.000000000000000e+00,     9.677466492979660e+01
       515,    -9.601619604622145e+01,     0.000000000000000e+00,     9.601619604622145e+01
       516,    -9.529033793418469e+01,     0.000000000000000e+00,     9.529033793418469e+01
       517,    -9.459223289534629e+01,     0.000000000000000e+00,     9.459223289534629e+01
       518,    -9.391772953819201e+01,     0.000000000000000e+00,     9.391772953819201e+01
       519,    -9.326328784507155e+01,     0.000000000000000e+00,     9.326328784507155e+01
       520,    -9.262589586717100e+01,     0.000000000000000e+00,     9.262589586717100e+01
       521,    -9.200300027501575e+01,     0.000000000000000e+00,     9.200300027501575e+01
       522,    -9.139243414846362e+01,     0.000000000000000e+00,     9.139243414846362e+01
       523,    -9.079235876366469e+01,     0.000000000000000e+00,     9.079235876366469e+01
       524,    -9.020122843455445e+01,     0.000000000000000e+00,     9.020122843455445e+01
       525,    -8.961775573208423e+01,     0.000000000000000e+00,     8.961775573208423e+01
       526,    -8.904088780517829e+01,     0.000000000000000e+00,     8.904088780517829e+01
       527,    -8.846980553616575e+01,     0.000000000000000e+00,     8.846980553616575e+01
       528,    -8.790391540969554e+01,     0.000000000000000e+00,     8.790391540969554e+01
       529,    -8.734283551371236e+01,     0.000000000000000e+00,     8.734283551371236e+01
       530,    -8.678639592644390e+01,     0.000000000000000e+00,     8.678639592644390e+01
       531,    -8.623461839171519e+01,     0.000000000000000e+00,     8.623461839171519e+01
       532,    -8.568767914755342e+01,     0.000000000000000e+00,     8.568767914755342e+01
       533,    -8.514587400208300e+01,     0.000000000000000e+00,     8.514587400208300e+01
       534,    -8.460957194492065e+01,     0.000000000000000e+00,     8.460957194492065e+01
       535,    -8.407915665808414e+01,     0.000000000000000e+00,     8.407915665808414e+01
       536,    -8.355498519270576e+01,     0.000000000000000e+00,     8.355498519270576e+01
       537,    -8.303735285583357e+01,     0.000000000000000e+00,     8.303735285583357e+01
       538,    -8.252646264822758e+01,     0.000000000000000e+00,     8.252646264822758e+01
       539,    -8.202240937539170e+01,     0.000000000000000e+00,     8.202240937539170e+01
       540,    -8.152518550250271e+01,     0.000000000000000e+00,     8.152518550250271e+01
       541,    -8.103468676664157e+01,     0.000000000000000e+00,     8.103468676664157e+01
       542,    -8.055072154575183e+01,     0.000000000000000e+00,     8.055072154575183e+01
       543,    -8.007303336440121e+01,     0.000000000000000e+00,     8.007303336440121e+01
       544,    -7.960132093789906e+01,     0.000000000000000e+00,     7.960132093789906e+01
       545,    -7.913524675682640e+01,     0.000000000000000e+00,     7.913524675682640e+01
       546,    -7.867446081155350e+01,     0.000000000000000e+00,     7.867446081155350e+01
       547,    -7.821861492844953e+01,     0.000000000000000e+00,     7.821861492844953e+01
       548,    -7.776736504103880e+01,     0.000000000000000e+00,     7.776736504103880e+01
       549,    -7.732038766719823e+01,     0.000000000000000e+00,     7.732038766719823e+01
       550,    -7.687738660286632e+01,     0.000000000000000e+00,     7.687738660286632e+01
       551,    -7.643809406177337e+01,     0.000000000000000e+00,     7.643809406177337e+01
       552,    -7.600228297879636e+01,     0.000000000000000e+00,     7.600228297879636e+01
       553,    -7.556976509541218e+01,     0.000000000000000e+00,     7.556976509541218e+01
       554,    -7.514039108205331e+01,     0.000000000000000e+00,     7.514039108205331e+01
       555,    -7.471405828467933e+01,     0.000000000000000e+00,     7.471405828467933e+01
       556,    -7.429070030754045e+01,     0.000000000000000e+00,     7.429070030754045e+01
       557,    -7.387029044432794e+01,     0.000000000000000e+00,     7.387029044432794e+01
       558,    -7.345283666861027e+01,     0.000000000000000e+00,     7.345283666861027e+01
       559,    -7.303836483115353e+01,     0.000000000000000e+00,     7.303836483115353e+01
       560,    -7.262692369091576e+01,     0.000000000000000e+00,     7.262692369091576e+01
       561,    -7.221857022790516e+01,     0.000000000000000e+00,     7.221857022790516e+01
       562,    -7.181335336760159e+01,     0.000000000000000e+00,     7.181335336760159e+01
       563,    -7.141132702920150e+01,     0.000000000000000e+00,     7.141132702920150e+01
       564,    -7.101252292673000e+01,     0.000000000000000e+00,     7.101252292673000e+01
       565,    -7.061694880921769e+01,     0.000000000000000e+00,     7.061694880921769e+01
       566,    -7.022460826277052e+01,     0.000000000000000e+00,     7.022460826277052e+01
       567,    -6.983546855190572e+01,     0.000000000000000e+00,     6.983546855190572e+01
       568,    -6.944947616214932e+01,     0.000000000000000e+00,     6.944947616214932e+01
       569,    -6.906657540749474e+01,     0.000000000000000e+00,     6.906657540749474e+01
       570,    -6.868667185594717e+01,     0.000000000000000e+00,     6.868667185594717e+01
       571,    -6.830967162853720e+01,     0.000000000000000e+00,     6.830967162853720e+01
       572,    -6.793548377326552e+01,     0.000000000000000e+00,     6.793548377326552e+01
       573,    -6.756398595870992e+01,     0.000000000000000e+00,     6.756398595870992e+01
       574,    -6.719508151995008e+01,     0.000000000000000e+00,     6.719508151995008e+01
       575,    -6.682867332973605e+01,     0.000000000000000e+00,     6.682867332973605e+01
       576,    -6.646464699236292e+01,     0.000000000000000e+00,     6.646464699236292e+01
       577,    -6.610293675016501e+01,     0.000000000000000e+00,     6.610293675016501e+01
       578,    -6.574346363183140e+01,     0.000000000000000e+00,     6.574346363183140e+01
       579,    -6.538615016070280e+01,     0.000000000000000e+00,     6.538615016070280e+01
       580,    -6.503097760118631e+01,     0.000000000000000e+00,     6.503097760118631e+01
       581,    -6.467789141870144e+01,     0.000000000000000e+00,     6.467789141870144e+01
       582,    -6.432686635407008e+01,     0.000000000000000e+00,     6.432686635407008e+01
       583,    -6.397792710691412e+01,     0.000000000000000e+00,     6.397792710691412e+01
       584,    -6.363103719286008e+01,     0.000000000000000e+00,     6.363103719286008e+01
       585,    -6.328621775634873e+01,     0.000000000000000e+00,     6.328621775634873e+01
       586,    -6.294350874883563e+01,     0.000000000000000e+00,     6.294350874883563e+01
       587,    -6.260287447105589e+01,     0.000000000000000e+00,     6.260287447105589e+01
       588,    -6.226436751431583e+01,     0.000000000000000e+00,     6.226436751431583e+01
       589,    -6.159372954001547e+01,     0.000000000000000e+00,     6.159372954001547e+01
       590,    -6.192800225009113e+01,     0.000000000000000e+00,     6.192800225009113e+01
       591,    -6.126161306332236e+01,     0.000000000000000e+00,     6.126161306332236e+01
       592,    -6.093161052718622e+01,     0.000000000000000e+00,     6.093161052718622e+01
       593,    -6.060366318097009e+01,     0.000000000000000e+00,     6.060366318097009e+01
       594,    -6.027783043163300e+01,     0.000000000000000e+00,     6.027783043163300e+01
       595,    -5.995400144132571e+01,     0.000000000000000e+00,     5.995400144132571e+01
       596,    -5.963213184993439e+01,     0.000000000000000e+00,     5.963213184993439e+01
       597,    -5.931226246994706e+01,     0.000000000000000e+00,     5.931226246994706e+01
       598,    -5.899422936783287e+01,     0.000000000000000e+00,     5.899422936783287e+01
       599,    -5.867804002089150e+01,     0.000000000000000e+00,     5.867804002089150e+01
       600,    -5.836369621768520e+01,     0.000000000000000e+00,     5.836369621768520e+01
       601,    -5.805101084366109e+01,     0.000000000000000e+00,     5.805101084366109e+01
       602,    -5.774007500040170e+01,     0.000000000000000e+00,     5.774007500040170e+01
       603,    -5.743083176724009e+01,     0.000000000000000e+00,     5.743083176724009e+01
       604,    -5.712311538652906e+01,     0.000000000000000e+00,     5.712311538652906e+01
       605,    -5.681710295905947e+01,     0.000000000000000e+00,     5.681710295905947e+01
       606,    -5.651265768631131e+01,     0.000000000000000e+00,     5.651265768631131e+01
       607,    -5.620969307033541e+01,     0.000000000000000e+00,     5.620969307033541e+01
       608,    -5.590843606615271e+01,     0.000000000000000e+00,     5.590843606615271e+01
       609,    -5.560865548019241e+01,     0.000000000000000e+00,     5.560865548019241e+01
       610,    -5.531040242319511e+01,     0.000000000000000e+00,     5.531040242319511e+01
       611,    -5.501387964543805e+01,     0.000000000000000e+00,     5.501387964543805e+01
       612,    -5.471876451117308e+01,     0.000000000000000e+00,     5.471876451117308e+01
       613,    -5.442528878320839e+01,     0.000000000000000e+00,     5.442528878320839e+01
       614,    -5.413353526977250e+01,     0.000000000000000e+00,     5.413353526977250e+01
       615,    -5.384313380558720e+01,     0.000000000000000e+00,     5.384313380558720e+01
       616,    -5.355449479768528e+01,     0.000000000000000e+00,     5.355449479768528e+01
       617,    -5.326748713925725e+01,     0.000000000000000e+00,     5.326748713925725e+01
       618,    -5.298179757688395e+01,     0.000000000000000e+00,     5.298179757688395e+01
       619,    -5.269795743007700e+01,     0.000000000000000e+00,     5.269795743007700e+01
       620,    -5.241555239250396e+01,     0.000000000000000e+00,     5.241555239250396e+01
       621,    -5.213447558730728e+01,     0.000000000000000e+00,     5.213447558730728e+01
       622,    -5.185526380317665e+01,     0.000000000000000e+00,     5.185526380317665e+01
       623,    -5.157721155497518e+01,     0.000000000000000e+00,     5.157721155497518e+01
       624,    -5.130057075484057e+01,     0.000000000000000e+00,     5.130057075484057e+01
       625,    -5.102571534131108e+01,     0.000000000000000e+00,     5.102571534131108e+01
       626,    -5.075173630087824e+01,     0.000000000000000e+00,     5.075173630087824e+01
       627,    -5.047933466565362e+01,     0.000000000000000e+00,     5.047933466565362e+01
       628,    -5.020852541873342e+01,     0.000000000000000e+00,     5.020852541873342e+01
       629,    -4.993840877203130e+01,     0.000000000000000e+00,     4.993840877203130e+01
       630,    -4.967009722700487e+01,     0.000000000000000e+00,     4.967009722700487e+01
       631,    -4.940305699705185e+01,     0.000000000000000e+00,     4.940305699705185e+01
       632,    -4.887242563684939e+01,     0.000000000000000e+00,     4.887242563684939e+01
       633,    -4.913671852259056e+01,     0.000000000000000e+00,     4.913671852259056e+01
       634,    -4.834645906735233e+01,     0.000000000000000e+00,     4.834645906735233e+01
       635,    -4.860896643412903e+01,     0.000000000000000e+00,     4.860896643412903e+01
       636,    -4.808615423082315e+01,     0.000000000000000e+00,     4.808615423082315e+01
       637,    -4.782620850433455e+01,     0.000000000000000e+00,     4.782620850433455e+01
       638,    -4.756767940743848e+01,     0.000000000000000e+00,     4.756767940743848e+01
       639,    -4.731128298064269e+01,     0.000000000000000e+00,     4.731128298064269e+01
       640,    -4.705487661790237e+01,     0.000000000000000e+00,     4.705487661790237e+01
       641,    -4.680049918316712e+01,     0.000000000000000e+00,     4.680049918316712e+01
       642,    -4.654781357170807e+01,     0.000000000000000e+00,     4.654781357170807e+01
       643,    -4.629500509811950e+01,     0.000000000000000e+00,     4.629500509811950e+01
       644,    -4.604489213430352e+01,     0.000000000000000e+00,     4.604489213430352e+01
       645,    -4.579563150942382e+01,     0.000000000000000e+00,     4.579563150942382e+01
       646,    -4.554648761488131e+01,     0.000000000000000e+00,     4.554648761488131e+01
       647,    -4.530056242291391e+01,     0.000000000000000e+00,     4.530056242291391e+01
       648,    -4.505442056496648e+01,     0.000000000000000e+00,     4.505442056496648e+01
       649,    -4.480905346139011e+01,     0.000000000000000e+00,     4.480905346139011e+01
       650,    -4.456699020252582e+01,     0.000000000000000e+00,     4.456699020252582e+01
       651,    -4.432370321770669e+01,     0.000000000000000e+00,     4.432370321770669e+01
       652,    -4.408232408512450e+01,     0.000000000000000e+00,     4.408232408512450e+01
       653,    -4.384362411032757e+01,     0.000000000000000e+00,     4.384362411032757e+01
       654,    -4.360306068979874e+01,     0.000000000000000e+00,     4.360306068979874e+01
       655,    -4.336587460763791e+01,     0.000000000000000e+00,     4.336587460763791e+01
       656,    -4.312999995449537e+01,     0.000000000000000e+00,     4.312999995449537e+01
       657,    -4.289225563718152e+01,     0.000000000000000e+00,     4.289225563718152e+01
       658,    -4.265933054969882e+01,     0.000000000000000e+00,     4.265933054969882e+01
       659,    -4.242578188829755e+01,     0.000000000000000e+00,     4.242578188829755e+01
       660,    -4.219131973029725e+01,     0.000000000000000e+00,     4.219131973029725e+01
       661,    -4.196248286782915e+01,     0.000000000000000e+00,     4.196248286782915e+01
       662,    -4.173089828867325e+01,     0.000000000000000e+00,     4.173089828867325e+01
       663,    -4.150041897981648e+01,     0.000000000000000e+00,     4.150041897981648e+01
       664,    -4.127518700527813e+01,     0.000000000000000e+00,     4.127518700527813e+01
       665,    -4.104542902500806e+01,     0.000000000000000e+00,     4.104542902500806e+01
       666,    -4.081966430176926e+01,     0.000000000000000e+00,     4.081966430176926e+01
       667,    -4.059726986415777e+01,     0.000000000000000e+00,     4.059726986415777e+01
       668,    -4.036956501747156e+01,     0.000000000000000e+00,     4.036956501747156e+01
       669,    -4.014905557596567e+01,     0.000000000000000e+00,     4.014905557596567e+01
       670,    -3.992853606385377e+01,     0.000000000000000e+00,     3.992853606385377e+01
       671,    -3.970352936463659e+01,     0.000000000000000e+00,     3.970352936463659e+01
       672,    -3.948815860924477e+01,     0.000000000000000e+00,     3.948815860924477e+01
       673,    -3.926862020098095e+01,     0.000000000000000e+00,     3.926862020098095e+01
       674,    -3.904740517635246e+01,     0.000000000000000e+00,     3.904740517635246e+01
       675,    -3.883641191816017e+01,     0.000000000000000e+00,     3.883641191816017e+01
       676,    -3.861719471557805e+01,     0.000000000000000e+00,     3.861719471557805e+01
       677,    -3.840132893607910e+01,     0.000000000000000e+00,     3.840132893607910e+01
       678,    -3.819332572435604e+01,     0.000000000000000e+00,     3.819332572435604e+01
       679,    -3.797426609855167e+01,     0.000000000000000e+00,     3.797426609855167e+01
       680,    -3.776482215423263e+01,     0.000000000000000e+00,     3.776482215423263e+01
       681,    -3.755821617857786e+01,     0.000000000000000e+00,     3.755821617857786e+01
       682,    -3.734006024165858e+01,     0.000000000000000e+00,     3.734006024165858e+01
       683,    -3.713733350043407e+01,     0.000000000000000e+00,     3.713733350043407e+01
       684,    -3.693046847202803e+01,     0.000000000000000e+00,     3.693046847202803e+01
       685,    -3.651865453716227e+01,     0.000000000000000e+00,     3.651865453716227e+01
       686,    -3.671543427051143e+01,     0.000000000000000e+00,     3.671543427051143e+01
       687,    -3.630977416058546e+01,     0.000000000000000e+00,     3.630977416058546e+01
       688,    -3.610067117425418e+01,     0.000000000000000e+00,     3.610067117425418e+01
       689,    -3.590816071085219e+01,     0.000000000000000e+00,     3.590816071085219e+01
       690,    -3.569650187852920e+01,     0.000000000000000e+00,     3.569650187852920e+01
       691,    -3.549564695665813e+01,     0.000000000000000e+00,     3.549564695665813e+01
       692,    -3.530537426462587e+01,     0.000000000000000e+00,     3.530537426462587e+01
       693,    -3.509199921265584e+01,     0.000000000000000e+00,     3.509199921265584e+01
       694,    -3.490065317286455e+01,     0.000000000000000e+00,     3.490065317286455e+01
       695,    -3.470896155906100e+01,     0.000000000000000e+00,     3.470896155906100e+01
       696,    -3.449704569661495e+01,     0.000000000000000e+00,     3.449704569661495e+01
       697,    -3.431469403437774e+01,     0.000000000000000e+00,     3.431469403437774e+01
       698,    -3.411801172080434e+01,     0.000000000000000e+00,     3.411801172080434e+01
       699,    -3.355494282556776e-02,     0.000000000000000e+00,     3.355494282556776e-02
       700,    -3.391192682071170e+01,     0.000000000000000e+00,     3.391192682071170e+01
       701,    -3.373729204763026e+01,     0.000000000000000e+00,     3.373729204763026e+01
       702,    -3.353372634536331e+01,     0.000000000000000e+00,     3.353372634536331e+01
       703,    -3.333775011704163e+01,     0.000000000000000e+00,     3.333775011704163e+01
       704,    -3.316691727942516e+01,     0.000000000000000e+00,     3.316691727942516e+01
       705,    -3.295680722695024e+01,     0.000000000000000e+00,     3.295680722695024e+01
       706,    -3.277371743191114e+01,     0.000000000000000e+00,     3.277371743191114e+01
       707,    -3.260093807747697e+01,     0.000000000000000e+00,     3.260093807747697e+01
       708,    -3.238817592672791e+01,     0.000000000000000e+00,     3.238817592672791e+01
       709,    -3.221938762496347e+01,     0.000000000000000e+00,     3.221938762496347e+01
       710,    -3.203914260705238e+01,     0.000000000000000e+00,     3.203914260705238e+01
       711,    -8.043328923590534e-01,     4.154869154476755e-04,     8.043329996711919e-01
       712,    -8.043328923590534e-01,    -4.154869154476755e-04,     8.043329996711919e-01
       713,    -3.183058292911383e+01,     0.000000000000000e+00,     3.183058292911383e+01
       714,    -3.167407936536121e+01,     0.000000000000000e+00,     3.167407936536121e+01
       715,    -3.128394259907888e+01,     0.000000000000000e+00,     3.128394259907888e+01
       716,    -3.148111177484579e+01,     0.000000000000000e+00,     3.148111177484579e+01
       717,    -3.092821153169077e+01,     0.000000000000000e+00,     3.092821153169077e+01
       718,    -3.113517131631803e+01,     0.000000000000000e+00,     3.113517131631803e+01
       719,    -1.396867871590373e+00,     1.209405283720351e-04,     1.396867876825876e+00
       720,    -1.396867871590373e+00,    -1.209405283720351e-04,     1.396867876825876e+00
       721,    -3.074855170252241e+01,     0.000000000000000e+00,     3.074855170252241e+01
       722,    -3.060112444359026e+01,     0.000000000000000e+00,     3.060112444359026e+01
       723,    -3.038491625785468e+01,     0.000000000000000e+00,     3.038491625785468e+01
       724,    -1.658962205174829e+00,     1.834278994587244e-04,     1.658962215315444e+00
       725,    -1.658962205174829e+00,    -1.834278994587244e-04,     1.658962215315444e+00
       726,    -3.022544086015293e+01,     0.000000000000000e+00,     3.022544086015293e+01
       727,    -1.790654567791975e+00,     6.686628200748498e-05,     1.790654569040429e+00
       728,    -1.790654567791975e+00,    -6.686628200748498e-05,     1.790654569040429e+00
       729,    -3.006803920361495e+01,     0.000000000000000e+00,     3.006803920361495e+01
       730,    -2.985210583114427e+01,     0.000000000000000e+00,     2.985210583114427e+01
       731,    -2.036461259320203e+00,     2.116814994434167e-04,     2.036461270321899e+00
       732,    -2.036461259320203e+00,    -2.116814994434167e-04,     2.036461270321899e+00
       733,    -2.971215463348251e+01,     0.000000000000000e+00,     2.971215463348251e+01
       734,    -2.953482579527922e+01,     0.000000000000000e+00,     2.953482579527922e+01
       735,    -2.933018730382821e+01,     0.000000000000000e+00,     2.933018730382821e+01
       736,    -2.920716356692944e+01,     0.000000000000000e+00,     2.920716356692944e+01
       737,    -2.900673003161369e+01,     0.000000000000000e+00,     2.900673003161369e+01
       738,    -2.882242237373303e+01,     0.000000000000000e+00,     2.882242237373303e+01
       739,    -2.870649383380176e+01,     0.000000000000000e+00,     2.870649383380176e+01
       740,    -2.621111931975270e+00,     0.000000000000000e+00,     2.621111931975270e+00
       741,    -2.848604845241464e+01,     0.000000000000000e+00,     2.848604845241464e+01
       742,    -2.832881029332935e+01,     0.000000000000000e+00,     2.832881029332935e+01
       743,    -2.820197243922316e+01,     0.000000000000000e+00,     2.820197243922316e+01
       744,    -2.797401358880699e+01,     0.000000000000000e+00,     2.797401358880699e+01
       745,    -2.784657017272944e+01,     0.000000000000000e+00,     2.784657017272944e+01
       746,    -2.769498841518516e+01,     0.000000000000000e+00,     2.769498841518516e+01
       747,    -2.747531489051088e+01,     0.000000000000000e+00,     2.747531489051088e+01
       748,    -2.737658036143069e+01,     0.000000000000000e+00,     2.737658036143069e+01
       749,    -2.719065138426558e+01,     0.000000000000000e+00,     2.719065138426558e+01
       750,    -2.699183605727298e+01,     0.000000000000000e+00,     2.699183605727298e+01
       751,    -3.164580343802776e+00,     0.000000000000000e+00,     3.164580343802776e+00
       752,    -3.168337903257781e+00,     0.000000000000000e+00,     3.168337903257781e+00
       753,    -2.691020867686938e+01,     0.000000000000000e+00,     2.691020867686938e+01
       754,    -3.351242637437515e+00,     4.497813440220678e-04,     3.351242667620835e+00
       755,    -3.351242637437515e+00,    -4.497813440220678e-04,     3.351242667620835e+00
       756,    -2.668811831741548e+01,     0.000000000000000e+00,     2.668811831741548e+01
       757,    -2.652280696470309e+01,     0.000000000000000e+00,     2.652280696470309e+01
       758,    -2.643434624522017e+01,     0.000000000000000e+00,     2.643434624522017e+01
       759,    -2.619717119892672e+01,     0.000000000000000e+00,     2.619717119892672e+01
       760,    -2.607303652316464e+01,     0.000000000000000e+00,     2.607303652316464e+01
       761,    -3.758127997715513e+00,     3.307067622447763e-05,     3.758127997861020e+00
       762,    -3.758127997715513e+00,    -3.307067622447763e-05,     3.758127997861020e+00
       763,    -3.845107135508623e+00,     1.785361560559093e-04,     3.845107139653521e+00
       764,    -3.845107135508623e+00,    -1.785361560559093e-04,     3.845107139653521e+00
       765,    -3.879976129896437e+00,     4.495113788099344e-04,     3.879976155935319e+00
       766,    -3.879976129896437e+00,    -4.495113788099344e-04,     3.879976155935319e+00
       767,    -3.897734228350863e+00,     6.514767112722423e-05,     3.897734228895310e+00
       768,    -3.897734228350863e+00,    -6.514767112722423e-05,     3.897734228895310e+00
       769,    -3.939705080114424e+00,     1.926589382294352e-04,     3.939705084825115e+00
       770,    -3.939705080114424e+00,    -1.926589382294352e-04,     3.939705084825115e+00
       771,    -2.595912282669645e+01,     0.000000000000000e+00,     2.595912282669645e+01
       772,    -4.229774581780492e+00,     1.959582641211646e-04,     4.229774586319698e+00
       773,    -4.229774581780492e+00,    -1.959582641211646e-04,     4.229774586319698e+00
       774,    -2.572025479378001e+01,     0.000000000000000e+00,     2.572025479378001e+01
       775,    -2.564122942223808e+01,     0.000000000000000e+00,     2.564122942223808e+01
       776,    -4.382978027169276e+00,     3.221707754752170e-04,     4.382978039009857e+00
       777,    -4.382978027169276e+00,    -3.221707754752170e-04,     4.382978039009857e+00
       778,    -2.547540185076571e+01,     0.000000000000000e+00,     2.547540185076571e+01
       779,    -2.525272540589587e+01,     0.000000000000000e+00,     2.525272540589587e+01
       780,    -2.520172466280741e+01,     0.000000000000000e+00,     2.520172466280741e+01
       781,    -2.499167122192230e+01,     0.000000000000000e+00,     2.499167122192230e+01
       782,    -2.480875025763785e+01,     0.000000000000000e+00,     2.480875025763785e+01
       783,    -2.477113134330613e+01,     0.000000000000000e+00,     2.477113134330613e+01
       784,    -2.452435720082270e+01,     0.000000000000000e+00,     2.452435720082270e+01
       785,    -2.439658467177463e+01,     0.000000000000000e+00,     2.439658467177463e+01
       786,    -2.432589203389612e+01,     0.000000000000000e+00,     2.432589203389612e+01
       787,    -5.125113485315557e+00,     2.157242519920970e-04,     5.125113489855647e+00
       788,    -5.125113485315557e+00,    -2.157242519920970e-04,     5.125113489855647e+00
       789,    -2.405729263555031e+01,     0.000000000000000e+00,     2.405729263555031e+01
       790,    -5.181658213022249e+00,     3.843293451297709e-05,     5.181658213164780e+00
       791,    -5.181658213022249e+00,    -3.843293451297709e-05,     5.181658213164780e+00
       792,    -2.397816154115262e+01,     0.000000000000000e+00,     2.397816154115262e+01
       793,    -2.385598932388001e+01,     0.000000000000000e+00,     2.385598932388001e+01
       794,    -5.281619072158654e+00,     0.000000000000000e+00,     5.281619072158654e+00
       795,    -5.397432607285291e+00,     2.207624746827464e-04,     5.397432611800037e+00
       796,    -5.397432607285291e+00,    -2.207624746827464e-04,     5.397432611800037e+00
       797,    -5.451891599640303e+00,     5.671410821128521e-04,     5.451891629139148e+00
       798,    -5.451891599640303e+00,    -5.671410821128521e-04,     5.451891629139148e+00
       799,    -2.361065798854578e+01,     0.000000000000000e+00,     2.361065798854578e+01
       800,    -2.358556694399419e+01,     0.000000000000000e+00,     2.358556694399419e+01
       801,    -5.581054950195182e+00,     0.000000000000000e+00,     5.581054950195182e+00
       802,    -5.607246961864066e+00,     0.000000000000000e+00,     5.607246961864066e+00
       803,    -2.340748768295982e+01,     0.000000000000000e+00,     2.340748768295982e+01
       804,    -2.319753352873087e+01,     0.000000000000000e+00,     2.319753352873087e+01
       805,    -2.320696396108164e+01,     0.000000000000000e+00,     2.320696396108164e+01
       806,    -2.294227415818060e+01,     0.000000000000000e+00,     2.294227415818060e+01
       807,    -2.279011226206801e+01,     0.000000000000000e+00,     2.279011226206801e+01
       808,    -2.276308325584382e+01,     0.000000000000000e+00,     2.276308325584382e+01
       809,    -6.018295697584233e+00,     0.000000000000000e+00,     6.018295697584233e+00
       810,    -6.021056053240848e+00,     0.000000000000000e+00,     6.021056053240848e+00
       811,    -6.031706016153334e+00,     0.000000000000000e+00,     6.031706016153334e+00
       812,    -6.034688232799327e+00,     0.000000000000000e+00,     6.034688232799327e+00
       813,    -6.045619705007479e+00,     0.000000000000000e+00,     6.045619705007479e+00
       814,    -6.046130692671331e+00,     0.000000000000000e+00,     6.046130692671331e+00
       815,    -6.140211550794465e+00,     3.959160976502839e-04,     6.140211563558647e+00
       816,    -6.140211550794465e+00,    -3.959160976502839e-04,     6.140211563558647e+00
       817,    -2.249696833077831e+01,     0.000000000000000e+00,     2.249696833077831e+01
       818,    -6.337891503293752e+00,     0.000000000000000e+00,     6.337891503293752e+00
       819,    -2.241195986326805e+01,     0.000000000000000e+00,     2.241195986326805e+01
       820,    -6.337419744903687e+00,     0.000000000000000e+00,     6.337419744903687e+00
       821,    -6.463994853731917e+00,     0.000000000000000e+00,     6.463994853731917e+00
       822,    -6.463139092594115e+00,     0.000000000000000e+00,     6.463139092594115e+00
       823,    -2.234827287748956e+01,     0.000000000000000e+00,     2.234827287748956e+01
       824,    -2.208732441743158e+01,     0.000000000000000e+00,     2.208732441743158e+01
       825,    -2.206559685821539e+01,     0.000000000000000e+00,     2.206559685821539e+01
       826,    -6.755972044582391e+00,     2.108716171581101e-04,     6.755972047873319e+00
       827,    -6.755972044582391e+00,    -2.108716171581101e-04,     6.755972047873319e+00
       828,    -2.191015773525152e+01,     0.000000000000000e+00,     2.191015773525152e+01
       829,    -2.169016399913648e+01,     0.000000000000000e+00,     2.169016399913648e+01
       830,    -2.165933241037291e+01,     0.000000000000000e+00,     2.165933241037291e+01
       831,    -2.145541529074982e+01,     0.000000000000000e+00,     2.145541529074982e+01
       832,    -2.132410440072523e+01,     0.000000000000000e+00,     2.132410440072523e+01
       833,    -7.243167833845906e+00,     1.184792688952926e-04,     7.243167834814911e+00
       834,    -7.243167833845906e+00,    -1.184792688952926e-04,     7.243167834814911e+00
       835,    -2.129286244346520e+01,     0.000000000000000e+00,     2.129286244346520e+01
       836,    -7.310135212180055e+00,     4.242728517316578e-05,     7.310135212303177e+00
       837,    -7.310135212180055e+00,    -4.242728517316578e-05,     7.310135212303177e+00
       838,    -7.448831102769759e+00,     0.000000000000000e+00,     7.448831102769759e+00
       839,    -7.448925611853653e+00,     0.000000000000000e+00,     7.448925611853653e+00
       840,    -7.547802535509790e+00,     4.425029068555874e-04,     7.547802548481037e+00
       841,    -7.547802535509790e+00,    -4.425029068555874e-04,     7.547802548481037e+00
       842,    -2.105418524122410e+01,     0.000000000000000e+00,     2.105418524122410e+01
       843,    -2.095196781696099e+01,     0.000000000000000e+00,     2.095196781696099e+01
       844,    -2.093920550492403e+01,     0.000000000000000e+00,     2.093920550492403e+01
       845,    -7.947725183570964e+00,     0.000000000000000e+00,     7.947725183570964e+00
       846,    -2.062957559482487e+01,     0.000000000000000e+00,     2.062957559482487e+01
       847,    -2.059103716145423e+01,     0.000000000000000e+00,     2.059103716145423e+01
       848,    -8.028808112598055e+00,     0.000000000000000e+00,     8.028808112598055e+00
       849,    -8.120288219944822e+00,     0.000000000000000e+00,     8.120288219944822e+00
       850,    -8.127649334614313e+00,     0.000000000000000e+00,     8.127649334614313e+00
       851,    -8.134298788634544e+00,     0.000000000000000e+00,     8.134298788634544e+00
       852,    -8.219925797137762e+00,     0.000000000000000e+00,     8.219925797137762e+00
       853,    -8.243637614691497e+00,     0.000000000000000e+00,     8.243637614691497e+00
       854,    -8.247245249999290e+00,     0.000000000000000e+00,     8.247245249999290e+00
       855,    -8.268697029884763e+00,     0.000000000000000e+00,     8.268697029884763e+00
       856,    -2.048987509101169e+01,     0.000000000000000e+00,     2.048987509101169e+01
       857,    -8.455860683026046e+00,     0.000000000000000e+00,     8.455860683026046e+00
       858,    -8.462133622012331e+00,     0.000000000000000e+00,     8.462133622012331e+00
       859,    -2.027110226929232e+01,     0.000000000000000e+00,     2.027110226929232e+01
       860,    -8.656137815539442e+00,     0.000000000000000e+00,     8.656137815539442e+00
       861,    -8.662865281548241e+00,     0.000000000000000e+00,     8.662865281548241e+00
       862,    -2.023666560812755e+01,     0.000000000000000e+00,     2.023666560812755e+01
       863,    -8.842268748054726e+00,     0.000000000000000e+00,     8.842268748054726e+00
       864,    -8.840471653975065e+00,     0.000000000000000e+00,     8.840471653975065e+00
       865,    -2.009713605354168e+01,     0.000000000000000e+00,     2.009713605354168e+01
       866,    -1.998075817925433e+01,     0.000000000000000e+00,     1.998075817925433e+01
       867,    -1.989463127108333e+01,     0.000000000000000e+00,     1.989463127108333e+01
       868,    -9.145078030021237e+00,     0.000000000000000e+00,     9.145078030021237e+00
       869,    -9.148082806753363e+00,     0.000000000000000e+00,     9.148082806753363e+00
       870,    -1.966877723517091e+01,     0.000000000000000e+00,     1.966877723517091e+01
       871,    -1.957503345712039e+01,     0.000000000000000e+00,     1.957503345712039e+01
       872,    -9.256274411150661e+00,     0.000000000000000e+00,     9.256274411150661e+00
       873,    -9.261794696883118e+00,     0.000000000000000e+00,     9.261794696883118e+00
       874,    -1.954860635640345e+01,     0.000000000000000e+00,     1.954860635640345e+01
       875,    -9.411102634417635e+00,     0.000000000000000e+00,     9.411102634417635e+00
       876,    -9.410047199889121e+00,     0.000000000000000e+00,     9.410047199889121e+00
       877,    -1.927767635842728e+01,     0.000000000000000e+00,     1.927767635842728e+01
       878,    -9.489676528771316e+00,     0.000000000000000e+00,     9.489676528771316e+00
       879,    -1.925372134446850e+01,     0.000000000000000e+00,     1.925372134446850e+01
       880,    -9.490522713692060e+00,     0.000000000000000e+00,     9.490522713692060e+00
       881,    -9.639611283500669e+00,     0.000000000000000e+00,     9.639611283500669e+00
       882,    -9.633239500615677e+00,     0.000000000000000e+00,     9.633239500615677e+00
       883,    -1.919930954601413e+01,     0.000000000000000e+00,     1.919930954601413e+01
       884,    -1.894279051781810e+01,     0.000000000000000e+00,     1.894279051781810e+01
       885,    -1.887769529519199e+01,     0.000000000000000e+00,     1.887769529519199e+01
       886,    -1.878364863550724e+01,     0.000000000000000e+00,     1.878364863550724e+01
       887,    -1.016392778851805e+01,     0.000000000000000e+00,     1.016392778851805e+01
       888,    -1.864822015090977e+01,     0.000000000000000e+00,     1.864822015090977e+01
       889,    -1.019022168327582e+01,     0.000000000000000e+00,     1.019022168327582e+01
       890,    -1.860758897993536e+01,     0.000000000000000e+00,     1.860758897993536e+01
       891,    -1.037226208643358e+01,     0.000000000000000e+00,     1.037226208643358e+01
       892,    -1.038987317296660e+01,     0.000000000000000e+00,     1.038987317296660e+01
       893,    -1.042706260048993e+01,     0.000000000000000e+00,     1.042706260048993e+01
       894,    -1.047717073872971e+01,     0.000000000000000e+00,     1.047717073872971e+01
       895,    -1.838572380679256e+01,     0.000000000000000e+00,     1.838572380679256e+01
       896,    -1.052625274327814e+01,     0.000000000000000e+00,     1.052625274327814e+01
       897,    -1.832919337639630e+01,     0.000000000000000e+00,     1.832919337639630e+01
       898,    -1.060352726508947e+01,     0.000000000000000e+00,     1.060352726508947e+01
       899,    -1.828618223742500e+01,     0.000000000000000e+00,     1.828618223742500e+01
       900,    -1.066060610682585e+01,     0.000000000000000e+00,     1.066060610682585e+01
       901,    -1.079076173787563e+01,     0.000000000000000e+00,     1.079076173787563e+01
       902,    -1.079460049480971e+01,     0.000000000000000e+00,     1.079460049480971e+01
       903,    -1.804179085727952e+01,     0.000000000000000e+00,     1.804179085727952e+01
       904,    -1.084543162566324e+01,     0.000000000000000e+00,     1.084543162566324e+01
       905,    -1.800759990608794e+01,     0.000000000000000e+00,     1.800759990608794e+01
       906,    -1.087568274019816e+01,     0.000000000000000e+00,     1.087568274019816e+01
       907,    -1.789509664614740e+01,     0.000000000000000e+00,     1.789509664614740e+01
       908,    -1.771393861663550e+01,     0.000000000000000e+00,     1.771393861663550e+01
       909,    -1.115482808571411e+01,     0.000000000000000e+00,     1.115482808571411e+01
       910,    -1.767525332431442e+01,     0.000000000000000e+00,     1.767525332431442e+01
       911,    -1.121021588519994e+01,     0.000000000000000e+00,     1.121021588519994e+01
       912,    -1.126147086150122e+01,     0.000000000000000e+00,     1.126147086150122e+01
       913,    -1.127225647240752e+01,     0.000000000000000e+00,     1.127225647240752e+01
       914,    -1.135382451428143e+01,     0.000000000000000e+00,     1.135382451428143e+01
       915,    -1.136404815107820e+01,     0.000000000000000e+00,     1.136404815107820e+01
       916,    -1.756037901022312e+01,     0.000000000000000e+00,     1.756037901022312e+01
       917,    -1.150307595353937e+01,     0.000000000000000e+00,     1.150307595353937e+01
       918,    -1.152393987705400e+01,     0.000000000000000e+00,     1.152393987705400e+01
       919,    -1.745651578263432e+01,     0.000000000000000e+00,     1.745651578263432e+01
       920,    -1.158001073196901e+01,     0.000000000000000e+00,     1.158001073196901e+01
       921,    -1.738210784956641e+01,     0.000000000000000e+00,     1.738210784956641e+01
       922,    -1.159191349729192e+01,     0.000000000000000e+00,     1.159191349729192e+01
       923,    -1.174299593516118e+01,     0.000000000000000e+00,     1.174299593516118e+01
       924,    -1.177431396471672e+01,     0.000000000000000e+00,     1.177431396471672e+01
       925,    -1.721037620360022e+01,     0.000000000000000e+00,     1.721037620360022e+01
       926,    -1.714600427993824e+01,     0.000000000000000e+00,     1.714600427993824e+01
       927,    -1.707061747701969e+01,     0.000000000000000e+00,     1.707061747701969e+01
       928,    -1.687767763857265e+01,     0.000000000000000e+00,     1.687767763857265e+01
       929,    -1.684004155093360e+01,     0.000000000000000e+00,     1.684004155093360e+01
       930,    -1.670342141450966e+01,     0.000000000000000e+00,     1.670342141450966e+01
       931,    -1.659716589851424e+01,     0.000000000000000e+00,     1.659716589851424e+01
       932,    -1.653282872969202e+01,     0.000000000000000e+00,     1.653282872969202e+01
       933,    -1.646270870489807e+01,     0.000000000000000e+00,     1.646270870489807e+01
       934,    -1.629490180702749e+01,     0.000000000000000e+00,     1.629490180702749e+01
       935,    -1.615434556382534e+01,     0.000000000000000e+00,     1.615434556382534e+01
       936,    -1.592260613464758e+01,     0.000000000000000e+00,     1.592260613464758e+01
       937,    -1.598983240190023e+01,     0.000000000000000e+00,     1.598983240190023e+01
       938,    -1.598389990709638e+01,     0.000000000000000e+00,     1.598389990709638e+01
       939,    -1.577580797876081e+01,     0.000000000000000e+00,     1.577580797876081e+01
       940,    -1.573260807899836e+01,     0.000000000000000e+00,     1.573260807899836e+01
       941,    -1.567351019749145e+01,     0.000000000000000e+00,     1.567351019749145e+01
       942,    -1.216139107893803e+01,     0.000000000000000e+00,     1.216139107893803e+01
       943,    -1.541859867123487e+01,     0.000000000000000e+00,     1.541859867123487e+01
       944,    -1.539835581026337e+01,     0.000000000000000e+00,     1.539835581026337e+01
       945,    -1.225078707202889e+01,     0.000000000000000e+00,     1.225078707202889e+01
       946,    -1.534493066308739e+01,     0.000000000000000e+00,     1.534493066308739e+01
       947,    -1.527891986227061e+01,     0.000000000000000e+00,     1.527891986227061e+01
       948,    -1.522423394691123e+01,     0.000000000000000e+00,     1.522423394691123e+01
       949,    -1.510353565808026e+01,     0.000000000000000e+00,     1.510353565808026e+01
       950,    -1.245132247017066e+01,     0.000000000000000e+00,     1.245132247017066e+01
       951,    -1.501034728358714e+01,     0.000000000000000e+00,     1.501034728358714e+01
       952,    -1.492574244378177e+01,     0.000000000000000e+00,     1.492574244378177e+01
       953,    -1.256179000186895e+01,     0.000000000000000e+00,     1.256179000186895e+01
       954,    -1.481282009766126e+01,     0.000000000000000e+00,     1.481282009766126e+01
       955,    -1.478735183801204e+01,     0.000000000000000e+00,     1.478735183801204e+01
       956,    -1.266003297311659e+01,     0.000000000000000e+00,     1.266003297311659e+01
       957,    -1.268749620766704e+01,     0.000000000000000e+00,     1.268749620766704e+01
       958,    -1.466515900176234e+01,     0.000000000000000e+00,     1.466515900176234e+01
       959,    -1.280861702336384e+01,     0.000000000000000e+00,     1.280861702336384e+01
       960,    -1.462126856517364e+01,     0.000000000000000e+00,     1.462126856517364e+01
       961,    -1.284387401461731e+01,     0.000000000000000e+00,     1.284387401461731e+01
       962,    -1.452943259572060e+01,     0.000000000000000e+00,     1.452943259572060e+01
       963,    -1.289057586268031e+01,     0.000000000000000e+00,     1.289057586268031e+01
       964,    -1.290343992323149e+01,     0.000000000000000e+00,     1.290343992323149e+01
       965,    -1.447323509035089e+01,     0.000000000000000e+00,     1.447323509035089e+01
       966,    -1.303405827161143e+01,     0.000000000000000e+00,     1.303405827161143e+01
       967,    -1.304055202364020e+01,     0.000000000000000e+00,     1.304055202364020e+01
       968,    -1.429194717430407e+01,     0.000000000000000e+00,     1.429194717430407e+01
       969,    -1.317574254969122e+01,     0.000000000000000e+00,     1.317574254969122e+01
       970,    -1.319092507934517e+01,     0.000000000000000e+00,     1.319092507934517e+01
       971,    -1.324449813114974e+01,     0.000000000000000e+00,     1.324449813114974e+01
       972,    -1.418009730457766e+01,     0.000000000000000e+00,     1.418009730457766e+01
       973,    -1.330998779694695e+01,     0.000000000000000e+00,     1.330998779694695e+01
       974,    -1.331992207126768e+01,     0.000000000000000e+00,     1.331992207126768e+01
       975,    -1.408232395112948e+01,     0.000000000000000e+00,     1.408232395112948e+01
       976,    -1.341917401753458e+01,     0.000000000000000e+00,     1.341917401753458e+01
       977,    -1.399431534054102e+01,     0.000000000000000e+00,     1.399431534054102e+01
       978,    -1.352892183421686e+01,     0.000000000000000e+00,     1.352892183421686e+01
       979,    -1.359951654548243e+01,     0.000000000000000e+00,     1.359951654548243e+01
       980,    -1.387292083425198e+01,     0.000000000000000e+00,     1.387292083425198e+01
       981,    -1.361430379055721e+01,     0.000000000000000e+00,     1.361430379055721e+01
       982,    -1.363898461527658e+01,     0.000000000000000e+00,     1.363898461527658e+01
       983,    -1.374617537822714e+01,     1.503954061421478e-02,     1.374618360552338e+01
       984,    -1.374617537822714e+01,    -1.503954061421478e-02,     1.374618360552338e+01
       985,    -1.373638818326761e+01,     0.000000000000000e+00,     1.373638818326761e+01
       986,    -1.376382314035912e+01,     0.000000000000000e+00,     1.376382314035912e+01
       987,    -1.375689338587537e+01,     5.777349470648284e-03,     1.375689459900411e+01
       988,    -1.375689338587537e+01,    -5.777349470648284e-03,     1.375689459900411e+01
       989,    -1.374788127391165e+01,     0.000000000000000e+00,     1.374788127391165e+01
       990,    -1.375464216405188e+01,     1.327887790917774e-03,     1.375464222814973e+01
       991,    -1.375464216405188e+01,    -1.327887790917774e-03,     1.375464222814973e+01
       992,    -1.375261992431220e+01,     4.663478157400006e-04,     1.375261993221907e+01
       993,    -1.375261992431220e+01,    -4.663478157400006e-04,     1.375261993221907e+01
       994,    -1.375393039422911e+01,     9.353585521069371e-04,     1.375393042603441e+01
       995,    -1.375393039422911e+01,    -9.353585521069371e-04,     1.375393042603441e+01
       996,    -1.375368127679201e+01,     2.363915992792471e-04,     1.375368127882350e+01
       997,    -1.375368127679201e+01,    -2.363915992792471e-04,     1.375368127882350e+01
       998,    -1.375408944622943e+01,     0.000000000000000e+00,     1.375408944622943e+01
       999,    -1.375435496647163e+01,     0.000000000000000e+00,     1.375435496647163e+01
      1000,    -1.375334198026772e+01,     0.000000000000000e+00,     1.375334198026772e+01
